order_id,customer_id,seller_id,order_date,delivery_date,order_total_price,quantity,payment_method,discount
1,6428,742,2025-09-02,2026-05-16,807.05,7,Visa,15.87
2,6577,276,2025-07-02,2026-09-12,1172.79,3,MasterCard,9.41
3,7663,780,2025-08-25,2026-09-29,1107.28,1,MasterCard,15.96
4,6553,58,2025-05-22,2026-09-07,1405.47,5,Visa,2.52
5,5126,878,2024-07-28,2025-03-20,816.54,6,Chase,1.46
6,8652,677,2024-01-20,2025-05-02,938.51,3,American Express,23.08
7,676,815,2025-07-04,2025-01-26,1347.28,3,American Express,19.41
8,1481,958,2025-02-01,2025-10-28,727.53,10,American Express,7.5
9,5937,197,2025-06-26,2026-04-23,1190.85,6,Discover,4.38
10,4264,733,2024-07-09,2025-07-18,1206.97,3,American Express,5.61
11,6480,140,2025-05-16,2026-01-08,952.76,1,Chase,22.04
12,1933,630,2024-07-16,2025-03-03,515.01,8,American Express,14.29
13,4959,614,2024-11-21,2025-08-11,652.59,6,Chase,11.16
14,5269,148,2025-07-18,2025-12-30,1206.84,2,Discover,10.2
15,187,891,2025-04-26,2025-04-15,859.82,9,Visa,16.7
16,4964,246,2024-12-20,2026-04-28,1382.08,9,Chase,5.26
17,1859,826,2025-08-05,2025-05-23,817.88,1,American Express,9.47
18,2847,587,2024-10-12,2026-10-03,634.55,8,Visa,23.85
19,7697,560,2025-02-08,2026-12-21,575.28,2,Discover,6.8
20,919,879,2024-01-13,2025-07-20,533.78,6,Chase,12.6
21,9448,776,2025-06-19,2025-03-14,860.97,8,Visa,2.9
22,1411,669,2025-09-14,2025-07-09,1068.74,4,Discover,23.21
23,8596,429,2025-08-15,2026-06-02,720.35,8,American Express,6.27
24,8466,522,2024-02-05,2026-10-11,879.5,7,Visa,7.98
25,3334,879,2024-11-25,2026-02-21,993.23,2,American Express,9.51
26,2393,745,2024-01-03,2026-03-05,807.85,4,Chase,7.8
27,689,695,2024-04-25,2025-08-03,539.96,6,MasterCard,5.91
28,2918,602,2024-01-26,2025-06-02,522.79,6,MasterCard,24.25
29,3737,986,2025-04-25,2026-12-07,801.91,7,Chase,24.84
30,7737,289,2024-11-07,2026-10-26,1483.13,9,Chase,10.61
31,7834,824,2024-02-03,2026-06-15,864.35,9,MasterCard,9.93
32,9918,592,2025-06-13,2026-04-30,1156.83,7,Chase,10.09
33,3194,847,2024-06-28,2026-07-24,798.13,2,Chase,3.69
34,3809,672,2024-11-16,2025-10-09,866.81,3,Discover,12.51
35,4911,690,2024-08-12,2025-10-24,753.75,1,Discover,20.91
36,6926,423,2025-08-15,2025-07-03,979.18,2,Chase,18.26
37,245,780,2024-02-09,2025-11-15,1441.66,5,American Express,1.46
38,5070,25,2024-05-29,2026-10-25,748.26,7,American Express,21.73
39,3118,394,2024-12-02,2025-01-21,917.81,10,Chase,19.03
40,9072,109,2025-05-27,2026-04-08,1402.95,1,Chase,17.94
41,6631,239,2025-10-24,2026-02-06,918.69,7,American Express,24.27
42,2746,841,2025-07-12,2026-03-24,543.87,3,MasterCard,13.96
43,6434,147,2024-02-13,2025-07-24,565.46,6,Discover,5.26
44,2468,680,2024-04-06,2025-09-01,858.4,1,Visa,8.24
45,2236,376,2024-07-04,2025-12-02,889.7,9,Chase,3.56
46,9231,525,2025-11-10,2026-01-20,536.42,1,Chase,1.41
47,2892,779,2024-08-13,2025-12-01,1093.05,5,Chase,23.21
48,5867,783,2025-01-01,2025-07-04,1424.71,7,MasterCard,24.46
49,8225,622,2024-11-08,2026-06-26,1433.43,6,Visa,5.09
50,8265,247,2024-05-14,2025-03-30,567.24,8,Discover,5.66
51,5130,292,2024-02-11,2025-04-10,989.37,4,Discover,20.38
52,2900,256,2024-03-11,2026-11-08,1064.22,1,Visa,6.9
53,5984,666,2024-02-21,2025-12-27,1097.39,2,American Express,5.46
54,2050,328,2025-02-10,2025-01-04,1369.61,2,American Express,20.96
55,9299,590,2024-05-28,2026-12-01,1451.47,4,Discover,7.91
56,9726,39,2024-02-23,2025-09-04,792.86,3,Discover,9.42
57,7613,694,2024-08-28,2026-01-23,1128.46,7,Discover,16.84
58,7439,140,2024-04-24,2025-05-27,650.07,8,Visa,9.81
59,6289,433,2024-03-01,2025-02-09,1454.19,8,Visa,13.44
60,7087,553,2024-03-14,2025-11-02,1484.52,2,Visa,6.02
61,695,982,2025-04-03,2025-07-13,1379.92,7,Chase,12.54
62,5086,189,2024-07-07,2025-09-06,908.63,3,MasterCard,18.43
63,9754,342,2024-04-11,2025-10-19,556.28,5,MasterCard,24.4
64,5356,353,2025-08-07,2026-04-09,637.03,2,Chase,12.31
65,1583,874,2025-01-08,2026-05-02,1423.62,7,Visa,19.47
66,3556,339,2025-08-02,2026-04-18,1443.73,7,Visa,1.5
67,6618,98,2024-06-01,2025-06-29,905.23,6,Chase,14.08
68,2486,373,2024-05-30,2026-07-09,537.78,6,MasterCard,15.83
69,3329,273,2024-12-13,2026-05-24,775.21,10,MasterCard,17.02
70,8254,332,2025-10-04,2025-12-17,1087.48,2,American Express,14.68
71,2727,215,2025-05-04,2026-02-07,1084.63,4,Visa,9.86
72,9469,951,2025-01-09,2025-01-31,1064.18,10,MasterCard,5.07
73,1864,459,2024-03-28,2026-03-24,1062.72,8,American Express,13.73
74,3887,354,2025-07-07,2025-09-08,670.22,10,American Express,20.82
75,9376,833,2025-12-25,2025-04-24,703.65,1,Discover,11.65
76,5088,847,2024-08-19,2025-12-03,824.84,2,American Express,13.17
77,9148,667,2025-11-12,2025-08-02,578.58,8,MasterCard,24.91
78,972,920,2024-04-12,2026-01-03,930.09,6,Chase,24.99
79,831,546,2024-01-13,2025-03-22,911.26,2,Discover,7.47
80,5987,597,2024-03-27,2026-09-22,689.4,8,MasterCard,4.57
81,9960,569,2025-03-28,2025-12-15,1354.58,6,Visa,20.41
82,102,394,2024-02-26,2025-06-18,1351.54,4,Visa,5.46
83,4878,986,2024-06-25,2026-01-15,638.21,6,Visa,24.17
84,8769,831,2025-03-08,2026-11-12,1117.77,2,Chase,2.76
85,182,821,2025-03-13,2026-05-14,521.79,10,Discover,22.16
86,9968,86,2025-04-21,2025-11-19,1139.44,4,MasterCard,11.35
87,9729,128,2024-10-10,2026-05-12,1212.09,7,Discover,21.19
88,1332,208,2024-06-10,2025-12-07,1328.08,1,MasterCard,9.86
89,878,169,2025-08-18,2026-05-05,1055.62,7,Visa,7.92
90,2206,646,2025-09-22,2026-08-13,837.41,2,Discover,6.59
91,4704,777,2024-05-16,2026-08-07,1355.37,7,Visa,16.19
92,4748,625,2025-04-30,2025-11-20,629.39,3,Chase,2.63
93,5906,906,2024-10-07,2025-01-31,1189.27,9,MasterCard,3.68
94,5626,265,2024-02-29,2025-08-04,1378.44,6,Visa,8.67
95,3621,187,2024-09-15,2025-11-26,1104.91,5,American Express,22.66
96,4951,840,2025-06-14,2025-10-24,1021.66,4,Visa,18.06
97,5825,602,2025-06-30,2025-08-13,820.38,6,Visa,21.16
98,5283,803,2025-04-22,2025-05-10,833.04,8,Visa,11.39
99,9202,697,2024-09-24,2026-10-30,881.34,4,Visa,24.9
100,6065,548,2025-01-09,2026-12-21,684.02,6,MasterCard,14.17
101,9561,443,2025-01-16,2026-02-12,589.05,9,Chase,19.7
102,2688,179,2024-12-10,2025-08-17,1159.35,3,Visa,10.91
103,6612,107,2025-01-06,2026-02-24,884.6,9,American Express,21.54
104,9697,550,2025-07-13,2026-07-21,1202.56,10,Discover,23.1
105,1592,82,2024-05-09,2026-04-27,927.55,3,Chase,6.0
106,2763,343,2025-06-25,2025-01-08,863.25,6,Chase,3.11
107,2929,562,2024-11-18,2025-11-19,1162.44,5,Visa,11.3
108,7550,255,2025-08-22,2026-03-05,616.55,2,Visa,2.24
109,5674,469,2025-11-04,2026-08-13,1183.94,8,Chase,9.82
110,6788,797,2025-09-02,2025-08-15,1092.19,2,MasterCard,21.81
111,932,597,2025-03-23,2025-07-01,1415.73,6,Discover,5.47
112,8581,126,2024-10-15,2026-09-27,953.16,4,Visa,20.85
113,743,302,2025-04-27,2026-06-08,1132.61,10,Visa,20.07
114,9428,401,2025-03-05,2025-08-12,617.63,1,American Express,10.83
115,1349,859,2025-08-27,2025-07-07,550.84,4,American Express,23.16
116,8681,636,2025-08-02,2026-07-21,1241.14,2,Visa,1.95
117,3540,188,2024-04-20,2026-01-29,624.84,1,MasterCard,7.04
118,5364,552,2025-04-09,2026-04-02,1252.06,1,Chase,12.59
119,4108,956,2024-12-27,2025-11-08,671.62,7,Chase,17.22
120,5515,744,2025-04-10,2025-11-27,1257.18,2,Chase,11.64
121,342,398,2025-03-04,2025-03-23,554.45,5,Discover,5.17
122,1722,902,2025-09-01,2026-07-12,1272.4,3,American Express,15.18
123,2786,825,2025-09-04,2025-06-01,569.87,8,MasterCard,15.54
124,3637,231,2025-06-04,2025-05-01,726.28,4,MasterCard,4.53
125,4095,52,2024-02-26,2026-10-23,945.75,6,Discover,24.64
126,544,735,2025-06-19,2025-08-10,815.73,3,American Express,23.43
127,5041,741,2024-03-13,2026-09-09,794.55,3,American Express,19.24
128,7719,271,2025-09-21,2026-10-27,802.62,2,Visa,23.38
129,3521,1000,2024-05-11,2025-05-23,1206.01,5,Visa,24.98
130,8911,509,2025-04-19,2025-06-23,505.49,2,MasterCard,15.2
131,1859,214,2025-12-03,2025-06-21,591.6,4,Chase,13.26
132,7510,178,2025-06-16,2025-07-08,726.01,10,Discover,8.5
133,282,146,2025-06-03,2026-07-01,699.48,4,Chase,14.93
134,3719,152,2024-08-31,2026-07-06,615.2,2,American Express,21.47
135,2506,647,2025-02-25,2025-06-03,900.44,2,American Express,21.46
136,4495,211,2025-02-26,2025-10-06,517.34,2,Discover,2.91
137,5605,922,2025-07-11,2025-01-04,819.85,6,MasterCard,19.3
138,7200,14,2024-09-30,2025-11-08,796.48,3,MasterCard,22.69
139,7183,525,2024-12-01,2026-02-18,1395.06,3,MasterCard,2.73
140,7792,535,2024-12-06,2025-11-11,1103.45,4,Chase,5.86
141,3680,732,2025-03-07,2026-05-27,899.96,9,American Express,24.65
142,3191,728,2024-03-03,2026-09-28,1156.16,3,Discover,24.36
143,2714,223,2024-01-17,2025-03-13,1481.33,7,MasterCard,24.04
144,4454,878,2024-12-31,2026-12-18,1362.69,2,Discover,22.18
145,2849,234,2024-05-09,2026-05-15,1411.29,5,Chase,22.87
146,1787,658,2025-12-29,2025-04-16,1082.74,3,Discover,13.47
147,9755,720,2024-05-01,2025-02-09,593.87,3,Visa,11.02
148,5053,8,2025-12-29,2025-06-01,1266.51,1,Chase,16.26
149,8389,494,2024-08-06,2026-03-23,1114.89,2,MasterCard,1.89
150,9029,877,2025-06-17,2025-05-22,1170.84,6,Chase,4.39
151,5671,430,2025-08-19,2025-11-12,1216.71,7,Visa,14.82
152,4283,278,2024-07-30,2025-04-04,1028.23,9,Visa,19.6
153,5698,601,2025-05-05,2026-05-18,1254.27,7,Chase,19.25
154,8236,65,2024-03-09,2026-07-31,1022.9,9,Visa,5.4
155,6698,16,2025-12-13,2025-10-23,1063.38,10,Visa,19.54
156,4637,5,2024-07-07,2026-06-19,1136.61,10,Discover,23.2
157,7833,403,2024-08-30,2026-01-03,1080.72,7,Chase,10.45
158,4815,692,2025-09-13,2026-07-05,886.5,1,Chase,16.49
159,6896,746,2024-03-01,2026-11-04,1137.68,5,MasterCard,3.4
160,6573,96,2025-08-19,2026-06-16,1112.65,7,Discover,22.38
161,233,981,2025-02-11,2026-10-06,1127.86,8,Chase,16.13
162,6685,955,2024-03-19,2026-03-29,1076.56,2,MasterCard,1.24
163,7750,655,2025-01-20,2025-01-11,679.21,9,American Express,20.83
164,9987,33,2024-05-05,2025-11-22,1021.3,1,Chase,13.1
165,6867,837,2025-10-12,2026-07-05,783.33,1,Discover,15.05
166,1403,211,2025-03-25,2025-10-10,596.82,7,Chase,2.96
167,2565,838,2024-04-07,2025-10-04,1406.02,9,Visa,22.69
168,3371,918,2025-11-23,2025-07-03,1090.3,1,Discover,2.01
169,7143,56,2024-08-12,2026-10-02,718.57,6,Visa,19.06
170,9681,213,2024-08-01,2026-04-26,514.76,10,American Express,16.27
171,6508,465,2024-10-06,2025-09-12,802.07,4,Visa,14.73
172,3923,640,2025-08-20,2025-06-30,1143.55,7,Visa,7.76
173,2407,378,2024-04-25,2026-09-23,590.6,1,American Express,14.25
174,5464,236,2025-11-28,2025-08-01,505.81,3,American Express,21.11
175,8781,53,2024-04-02,2025-04-13,1466.1,10,Visa,24.1
176,5787,656,2024-11-11,2026-05-13,1404.8,1,Visa,18.41
177,9561,573,2024-12-05,2025-05-13,773.35,5,MasterCard,5.28
178,6014,93,2024-06-27,2025-07-16,1472.57,4,Visa,24.3
179,6240,983,2025-02-23,2025-01-23,539.84,2,Chase,19.94
180,3825,72,2025-03-21,2025-05-16,1411.29,1,Visa,12.64
181,3659,185,2024-06-06,2025-10-22,961.67,10,American Express,5.59
182,3337,183,2025-04-24,2025-06-13,1179.67,10,Discover,15.86
183,7206,375,2024-11-09,2026-07-24,673.78,6,MasterCard,11.57
184,1830,185,2024-06-17,2026-05-04,1329.29,6,Discover,2.63
185,9585,868,2024-12-16,2025-12-30,1363.27,1,Visa,24.44
186,1026,607,2025-09-18,2026-04-01,501.18,5,Discover,7.14
187,5301,218,2025-08-30,2026-07-29,672.86,5,American Express,9.12
188,9645,430,2025-11-13,2025-09-11,1001.73,8,American Express,22.26
189,1305,93,2025-08-08,2026-10-14,974.43,10,Discover,21.4
190,1105,60,2024-11-16,2025-10-06,781.03,1,Discover,5.63
191,520,511,2025-09-19,2025-01-24,1056.38,10,Visa,19.43
192,306,767,2025-12-14,2026-12-17,1185.3,4,American Express,1.63
193,646,310,2024-11-28,2026-10-26,643.8,2,Chase,16.91
194,5128,360,2025-09-14,2025-03-17,1003.49,2,American Express,13.03
195,7529,270,2024-10-24,2026-07-14,1263.74,3,Chase,6.74
196,8932,526,2024-02-15,2025-03-12,1071.94,7,MasterCard,14.12
197,6029,735,2024-03-11,2025-05-08,954.02,2,Chase,5.28
198,2753,616,2025-10-21,2026-03-24,942.57,4,American Express,10.33
199,2455,928,2024-01-01,2025-11-25,774.86,7,Chase,20.76
200,1514,451,2025-03-02,2025-03-23,837.62,9,Chase,10.02
201,2659,97,2024-05-29,2026-04-27,852.9,8,Discover,8.52
202,3948,565,2024-02-15,2026-01-27,708.52,6,Visa,17.84
203,3061,182,2025-06-08,2025-06-16,660.77,9,Visa,10.59
204,2750,165,2025-04-23,2025-09-10,655.48,8,Chase,18.22
205,1499,927,2024-04-22,2025-06-16,1045.24,9,Visa,20.0
206,6393,442,2025-06-02,2026-01-20,1349.79,2,Visa,12.18
207,8569,601,2024-12-05,2026-01-22,917.47,8,American Express,11.83
208,9555,1,2025-12-02,2025-02-05,707.26,7,Chase,9.24
209,9847,76,2024-07-05,2025-12-26,950.36,4,Chase,14.93
210,4036,620,2024-09-20,2025-06-19,1004.74,8,Visa,5.83
211,1073,885,2025-07-23,2026-09-24,1400.4,4,Chase,21.19
212,218,868,2024-02-26,2026-07-10,679.89,10,Discover,16.4
213,6703,240,2024-07-22,2025-05-11,1488.86,4,Visa,7.47
214,7995,549,2025-08-24,2026-07-13,1108.77,9,American Express,24.6
215,4301,66,2024-03-03,2026-09-12,1255.66,5,American Express,11.76
216,7442,934,2025-08-23,2025-02-22,1296.56,2,MasterCard,20.94
217,3760,434,2024-04-21,2025-01-20,1235.58,10,Discover,19.19
218,6923,721,2024-10-26,2025-04-19,955.87,7,Visa,9.84
219,439,974,2024-01-31,2026-03-17,1330.72,5,Chase,20.41
220,2951,178,2024-02-22,2026-04-26,1420.59,2,American Express,11.55
221,3325,863,2024-12-15,2025-04-29,1306.41,4,Visa,18.11
222,11,840,2025-07-09,2025-07-12,699.04,1,Visa,3.29
223,2806,366,2024-10-19,2026-08-01,736.39,1,MasterCard,3.32
224,2137,403,2025-03-13,2025-01-14,1183.3,2,American Express,23.3
225,226,797,2025-07-24,2025-01-21,505.64,6,Discover,8.52
226,4106,459,2024-06-11,2025-07-17,1246.27,6,Discover,3.99
227,4643,300,2025-11-13,2026-08-18,873.3,6,MasterCard,11.03
228,706,985,2025-07-16,2026-06-19,524.06,5,MasterCard,7.6
229,8285,77,2025-08-23,2026-03-29,861.26,10,Discover,15.79
230,3725,670,2024-03-01,2025-07-07,816.25,10,American Express,8.33
231,4410,862,2025-11-05,2026-06-19,575.51,5,Chase,23.33
232,1606,901,2024-01-31,2025-08-08,638.36,7,MasterCard,16.06
233,9490,705,2024-11-07,2026-05-19,1482.76,9,MasterCard,5.09
234,9608,771,2025-04-09,2026-11-30,569.72,7,American Express,19.05
235,2690,740,2024-08-09,2026-07-26,1021.87,7,MasterCard,7.34
236,6228,735,2024-08-21,2025-01-24,538.86,9,Discover,8.69
237,5600,267,2025-06-27,2026-11-08,727.25,4,American Express,6.45
238,9259,591,2024-06-04,2026-10-18,1002.13,6,Discover,20.62
239,4383,820,2025-08-23,2026-02-24,780.27,6,Discover,11.58
240,6432,955,2025-04-02,2025-02-24,1243.99,5,American Express,5.89
241,5438,380,2024-06-25,2025-08-08,561.49,7,Chase,22.39
242,6080,981,2024-05-15,2025-07-05,772.24,5,Visa,18.32
243,7904,748,2025-11-18,2026-11-19,1270.03,6,American Express,17.97
244,1523,79,2024-10-28,2025-10-28,1323.21,5,American Express,18.2
245,8116,91,2024-07-01,2026-05-17,1058.39,1,Chase,13.9
246,2030,325,2025-07-07,2025-10-19,694.41,3,Chase,19.38
247,4728,692,2024-11-23,2025-08-20,1129.36,2,MasterCard,1.15
248,6212,625,2025-10-24,2025-07-20,1028.21,7,Visa,1.33
249,1768,394,2025-10-07,2025-09-15,762.87,10,American Express,6.55
250,3145,713,2024-09-07,2025-01-11,641.4,1,Discover,4.09
251,7312,306,2024-05-24,2025-03-07,1259.31,3,American Express,3.26
252,3123,296,2025-11-19,2025-05-07,1128.53,4,Discover,6.62
253,7019,225,2025-02-28,2026-02-01,1481.79,2,American Express,19.93
254,3742,62,2024-02-27,2025-08-14,1339.79,8,Chase,9.23
255,4762,255,2025-05-11,2025-04-21,1161.15,10,American Express,8.4
256,54,820,2025-07-18,2025-05-28,1341.82,5,Chase,11.22
257,458,97,2025-12-29,2025-09-03,745.69,6,Chase,19.84
258,2407,312,2024-04-16,2025-09-15,1417.21,6,American Express,18.12
259,8134,342,2025-01-22,2026-11-02,1489.72,6,Chase,4.05
260,698,8,2024-08-15,2026-04-23,1494.53,8,American Express,6.22
261,987,409,2024-10-22,2025-07-06,933.13,9,Visa,21.5
262,7823,942,2024-04-12,2026-10-01,1001.75,4,American Express,4.96
263,4922,11,2024-06-29,2026-01-11,1222.19,5,Discover,14.6
264,3524,58,2025-04-25,2025-02-28,1011.12,10,Discover,6.08
265,226,644,2024-02-24,2026-10-10,796.39,8,Discover,17.98
266,5271,147,2025-01-30,2026-06-01,1066.99,3,Chase,21.33
267,5968,105,2024-09-30,2025-07-29,1243.96,8,Discover,23.65
268,7715,259,2025-02-26,2025-02-11,1258.14,9,Chase,15.21
269,2642,924,2025-02-10,2026-07-13,1282.7,1,MasterCard,24.31
270,6571,36,2025-12-21,2026-02-09,1289.77,5,Chase,1.92
271,4046,689,2024-06-06,2026-09-20,1032.33,9,Chase,7.79
272,1163,721,2024-01-16,2026-11-08,1385.39,7,Visa,16.27
273,265,688,2024-12-05,2026-04-10,1223.82,1,Chase,9.14
274,5778,12,2024-02-08,2025-04-01,1150.03,5,American Express,24.73
275,6558,250,2024-12-22,2026-11-08,1450.76,1,Visa,18.32
276,295,550,2025-05-04,2026-04-30,631.8,1,MasterCard,10.13
277,8764,660,2024-01-08,2025-07-18,1423.31,4,Visa,10.06
278,8734,469,2025-12-27,2026-05-11,672.85,5,American Express,13.16
279,1379,45,2024-09-02,2026-10-21,532.83,10,Discover,11.84
280,9736,198,2024-03-14,2025-06-01,680.13,3,MasterCard,14.13
281,6535,840,2025-06-30,2025-02-01,1030.41,1,Visa,24.0
282,8112,480,2024-07-28,2026-12-24,769.02,2,American Express,15.28
283,5639,516,2024-04-05,2026-07-27,1065.01,1,American Express,8.91
284,2486,583,2025-01-31,2026-03-21,1259.46,2,Chase,13.54
285,3403,466,2024-07-15,2025-09-27,1365.74,2,Chase,20.06
286,3393,451,2025-12-06,2025-01-02,751.92,6,Discover,16.71
287,3568,788,2024-10-28,2025-05-26,1336.67,4,American Express,22.54
288,9299,292,2025-05-26,2025-09-14,1399.33,4,MasterCard,8.12
289,2790,893,2024-05-25,2025-08-04,929.76,10,American Express,4.84
290,5867,16,2025-10-26,2026-05-30,564.61,1,Discover,13.75
291,4320,8,2025-05-10,2026-01-18,988.85,5,Chase,2.09
292,7581,190,2025-07-21,2025-09-11,601.25,7,Chase,1.32
293,5101,917,2025-02-02,2025-11-07,1067.16,8,Discover,10.17
294,6668,80,2024-10-27,2026-12-28,729.1,7,Visa,22.5
295,7812,111,2025-04-20,2026-09-09,1485.96,5,Chase,21.28
296,8167,213,2024-11-04,2025-07-15,643.65,7,American Express,9.48
297,5651,120,2025-05-11,2026-03-23,1300.63,9,Discover,14.69
298,4545,655,2024-02-03,2025-03-02,750.06,8,Visa,19.52
299,2362,502,2025-12-24,2025-01-03,762.59,7,MasterCard,6.57
300,4181,555,2025-09-30,2026-08-29,1168.86,4,Chase,10.31
301,4563,693,2025-11-19,2026-02-20,1298.07,1,American Express,22.97
302,8351,581,2024-11-01,2025-06-29,1003.03,7,Visa,6.85
303,8007,584,2024-08-10,2025-02-16,539.91,2,Discover,6.39
304,2203,795,2025-11-29,2025-02-20,949.92,3,Visa,10.02
305,5165,407,2024-02-01,2026-10-31,1366.39,3,MasterCard,2.42
306,5371,412,2025-10-11,2025-03-06,1352.64,7,Chase,2.61
307,5697,350,2025-06-08,2025-10-26,744.62,9,Visa,7.3
308,9099,3,2025-04-03,2025-11-09,1253.43,10,MasterCard,2.84
309,1318,631,2024-08-16,2025-01-14,845.14,7,Visa,6.94
310,5894,321,2024-12-31,2025-05-15,1046.28,10,MasterCard,11.51
311,6958,351,2025-04-10,2025-12-04,602.84,5,Visa,5.53
312,1390,255,2025-06-27,2025-06-24,1316.15,4,Chase,20.07
313,1215,656,2024-01-01,2026-01-19,1189.99,5,Discover,18.97
314,5481,899,2025-01-30,2026-08-22,1321.89,9,Chase,12.64
315,6939,965,2024-06-28,2025-07-26,886.81,6,Chase,22.92
316,5375,294,2024-06-18,2025-12-07,858.79,1,American Express,15.43
317,6204,588,2024-05-08,2025-06-28,616.12,8,MasterCard,20.61
318,5297,987,2024-05-09,2026-11-05,595.36,4,Visa,24.67
319,9614,509,2025-02-02,2026-12-05,1452.45,2,Discover,3.99
320,7974,226,2025-04-19,2025-04-12,1141.89,6,Visa,23.64
321,7033,132,2024-08-21,2025-02-09,696.1,9,Chase,5.9
322,3754,737,2025-02-14,2026-02-23,1132.3,8,Discover,13.5
323,3125,239,2025-05-19,2026-05-12,927.97,4,MasterCard,17.47
324,7890,645,2025-07-05,2026-09-14,855.44,8,Discover,13.53
325,7778,270,2025-06-24,2025-02-19,645.86,4,Discover,18.79
326,3470,353,2024-09-07,2025-07-18,1299.72,8,Visa,17.99
327,1611,119,2025-07-17,2025-01-16,1051.14,7,MasterCard,20.66
328,9134,992,2024-09-05,2026-04-03,994.78,3,Visa,23.09
329,5446,514,2025-02-04,2026-07-31,1262.29,5,Visa,22.19
330,7878,637,2025-03-21,2025-12-19,1221.03,2,American Express,14.74
331,3645,19,2024-11-27,2025-08-01,735.56,9,Chase,4.36
332,8604,796,2025-06-21,2025-02-21,1008.85,10,Visa,10.08
333,6314,694,2025-01-24,2025-06-20,1239.36,8,Chase,15.33
334,3593,459,2025-06-13,2025-08-13,1202.37,9,Visa,9.34
335,4300,936,2024-05-28,2026-06-23,1044.22,1,Chase,11.32
336,6270,563,2025-02-07,2026-10-13,826.17,4,Chase,4.82
337,5396,528,2024-12-25,2026-03-05,712.88,7,American Express,2.68
338,5275,563,2024-03-07,2025-01-10,1239.23,1,MasterCard,3.9
339,5907,757,2025-04-21,2026-05-27,647.75,10,MasterCard,17.46
340,9131,641,2025-02-22,2025-07-04,1217.69,1,Discover,2.78
341,5072,25,2024-06-03,2025-03-01,1044.75,10,Visa,9.84
342,1495,929,2024-07-14,2026-11-14,571.52,3,MasterCard,4.34
343,5771,898,2024-08-21,2026-06-15,1436.76,3,Chase,24.28
344,7002,172,2024-06-05,2026-06-05,1416.94,1,Chase,21.63
345,2565,131,2024-10-31,2025-12-17,1448.24,9,Chase,15.11
346,7672,168,2024-11-09,2025-03-31,1335.77,1,MasterCard,14.13
347,5756,210,2024-11-10,2026-09-04,1475.87,8,MasterCard,10.5
348,4369,335,2025-06-02,2025-04-03,1341.51,9,MasterCard,13.43
349,7244,126,2024-08-15,2025-12-29,892.9,7,Chase,2.13
350,3282,945,2025-09-07,2026-07-27,730.16,5,MasterCard,14.75
351,3826,363,2024-01-30,2025-10-18,664.64,2,Visa,14.22
352,8546,926,2024-09-20,2025-03-08,879.32,10,Chase,20.27
353,4326,552,2025-02-01,2026-09-25,1026.02,1,Chase,19.13
354,8692,264,2024-10-05,2025-04-24,1383.19,6,Chase,22.83
355,6567,876,2024-05-19,2025-05-09,1354.04,7,Discover,7.37
356,2592,832,2024-12-07,2026-08-16,1340.21,10,Chase,3.83
357,7682,959,2025-06-27,2025-08-30,729.86,6,Visa,4.47
358,3788,408,2024-11-21,2026-07-31,1176.58,6,Discover,19.37
359,1112,462,2025-02-02,2026-08-09,1323.37,5,MasterCard,11.06
360,9867,285,2025-01-31,2025-05-26,548.22,2,MasterCard,15.34
361,8116,558,2025-02-17,2026-06-27,584.12,3,Chase,5.26
362,4207,970,2025-10-13,2025-12-13,602.86,7,Chase,18.46
363,1108,511,2024-09-14,2026-01-27,502.05,1,American Express,19.15
364,9784,868,2025-11-12,2026-10-27,1204.47,3,MasterCard,18.53
365,5739,172,2025-09-24,2025-06-23,661.67,9,Discover,4.49
366,1556,519,2024-04-16,2026-03-14,986.06,6,Discover,23.29
367,9521,157,2024-06-09,2025-09-19,1212.71,1,MasterCard,13.62
368,3979,587,2025-08-15,2026-04-16,1495.84,2,Chase,7.68
369,2974,854,2024-04-02,2025-08-03,1480.66,4,Visa,8.15
370,3225,745,2025-09-22,2025-08-02,1481.42,2,Discover,12.42
371,6953,599,2024-05-31,2025-10-04,1401.84,7,American Express,6.78
372,4936,684,2024-01-22,2026-12-25,1045.55,6,Chase,6.93
373,8981,166,2025-05-07,2025-01-05,803.78,4,MasterCard,3.21
374,6900,648,2025-08-18,2026-08-10,1046.86,3,Discover,10.13
375,2543,162,2025-05-15,2025-03-04,1382.22,5,Discover,11.3
376,3638,198,2024-06-15,2025-11-06,1261.96,2,Visa,8.41
377,6091,327,2024-03-31,2025-01-03,1393.97,8,American Express,9.15
378,3892,300,2024-02-27,2026-09-16,1117.02,1,Chase,23.41
379,8376,822,2025-06-13,2026-05-30,943.84,6,MasterCard,20.59
380,3356,502,2024-03-05,2026-01-28,689.85,3,Chase,23.36
381,8731,691,2024-08-11,2026-11-01,1166.51,3,Visa,12.08
382,8093,254,2025-12-12,2025-12-13,946.94,6,Chase,1.77
383,9245,512,2024-08-29,2025-08-24,1403.82,6,Chase,4.31
384,8231,892,2024-11-12,2026-02-13,1100.97,7,American Express,15.55
385,4857,804,2024-09-13,2025-04-04,1012.91,6,MasterCard,7.53
386,4539,271,2024-04-14,2026-10-16,1254.28,10,Visa,16.43
387,5610,661,2024-01-23,2026-01-09,902.01,1,Chase,7.66
388,9042,783,2024-06-20,2025-10-22,1251.38,7,Visa,16.17
389,8240,211,2024-03-12,2026-03-13,1293.15,6,MasterCard,24.22
390,3290,848,2024-08-09,2026-05-02,1152.32,6,American Express,8.69
391,8006,529,2024-05-03,2025-03-28,1095.82,1,Chase,5.96
392,4811,991,2025-08-01,2025-08-12,962.84,4,Discover,9.38
393,6162,908,2025-11-13,2025-02-14,763.57,1,Chase,12.08
394,3576,183,2025-07-24,2025-08-17,715.14,6,Visa,3.65
395,3148,362,2024-11-12,2026-05-10,1140.24,2,MasterCard,14.61
396,8301,481,2025-10-12,2026-11-23,616.92,1,Visa,2.67
397,2403,912,2024-03-07,2026-06-26,503.3,3,American Express,1.68
398,6771,679,2025-01-20,2025-11-14,1447.04,9,American Express,4.45
399,4091,145,2024-01-25,2026-01-28,1264.2,4,Chase,6.07
400,3817,206,2024-11-20,2025-02-25,559.98,6,Visa,13.83
401,2452,298,2024-11-26,2025-10-17,607.04,3,Chase,4.51
402,2711,869,2024-06-17,2025-04-14,503.09,6,Visa,12.84
403,2379,272,2025-07-24,2026-06-11,860.4,3,MasterCard,13.77
404,6093,435,2024-02-05,2026-12-06,1140.44,9,Visa,3.47
405,1074,80,2024-12-26,2025-12-03,793.18,3,American Express,3.35
406,3950,973,2025-04-12,2025-06-26,1035.91,9,Visa,11.16
407,9707,658,2025-11-27,2026-10-22,560.95,1,Chase,18.46
408,1238,98,2024-01-15,2025-06-05,732.32,4,Visa,17.37
409,1776,871,2025-11-26,2026-07-25,1407.25,8,American Express,22.3
410,4975,567,2024-10-05,2026-01-08,1250.48,3,Discover,17.82
411,251,887,2025-06-19,2026-06-09,510.13,1,Discover,2.68
412,5359,360,2025-05-21,2026-06-18,1049.64,2,Chase,23.28
413,6362,618,2024-11-27,2026-08-26,1044.61,2,Visa,11.84
414,5051,483,2025-11-30,2025-04-30,1356.08,10,Visa,24.27
415,8670,999,2024-02-17,2025-06-12,1483.81,9,Chase,16.82
416,9661,94,2024-01-26,2026-04-04,1154.3,1,Visa,4.3
417,5769,469,2024-10-30,2026-05-19,587.05,7,Discover,15.39
418,4769,20,2025-04-25,2026-01-07,1013.07,8,Discover,13.88
419,2925,213,2024-10-10,2026-04-25,1187.37,8,Chase,14.2
420,1172,530,2025-01-25,2026-11-18,918.55,7,American Express,15.25
421,7985,113,2025-02-28,2026-05-25,517.24,10,MasterCard,7.43
422,3238,659,2025-06-22,2026-05-05,783.95,6,Chase,8.58
423,366,809,2024-05-05,2025-08-17,708.61,7,Chase,9.12
424,524,349,2025-07-28,2025-08-05,703.63,10,Chase,16.64
425,1999,242,2024-10-13,2026-01-17,875.17,9,MasterCard,10.18
426,4015,141,2025-09-27,2026-09-30,1350.87,2,MasterCard,15.84
427,5228,672,2025-10-25,2025-12-07,971.01,9,Visa,3.21
428,9434,821,2024-03-30,2025-04-06,966.96,6,American Express,18.93
429,2115,875,2024-02-19,2026-06-08,662.66,1,MasterCard,15.3
430,328,817,2024-10-01,2025-03-18,1170.23,2,Discover,17.65
431,6884,622,2025-11-25,2025-07-06,941.41,6,MasterCard,13.05
432,7840,279,2024-12-08,2025-04-21,683.21,5,American Express,4.68
433,9270,741,2024-11-17,2026-06-10,1031.11,3,MasterCard,16.35
434,5980,624,2024-11-30,2026-04-14,964.72,7,Visa,15.32
435,8762,349,2025-03-06,2025-09-04,1367.71,8,Visa,7.24
436,879,644,2025-09-21,2026-04-05,770.23,3,Visa,1.41
437,2529,935,2025-05-27,2026-06-25,1015.64,2,MasterCard,20.64
438,4514,148,2025-06-03,2025-10-31,1368.03,10,Visa,16.29
439,9136,493,2025-10-23,2026-09-14,930.59,2,Visa,15.95
440,7213,669,2024-08-27,2025-03-22,1388.82,10,Visa,10.8
441,2716,672,2024-04-14,2025-09-09,1112.28,8,Visa,16.97
442,908,665,2024-04-29,2026-01-24,1489.48,1,Discover,3.84
443,5902,289,2025-12-30,2026-05-07,1288.41,9,MasterCard,5.12
444,5968,905,2025-09-03,2026-10-13,1423.07,1,Visa,24.69
445,5325,530,2024-01-28,2026-03-02,1246.61,2,Visa,4.35
446,9264,845,2025-02-19,2026-05-07,1283.64,7,American Express,12.67
447,8532,371,2024-03-19,2025-10-11,1491.71,7,Discover,20.98
448,893,154,2024-02-20,2026-08-13,1389.45,3,American Express,9.7
449,986,370,2024-06-22,2025-11-12,1097.43,1,Visa,13.05
450,3703,153,2024-11-18,2025-04-17,1319.79,5,Discover,13.31
451,650,256,2025-04-24,2025-06-26,1075.99,5,MasterCard,19.88
452,6367,692,2024-03-05,2026-04-21,1441.42,1,MasterCard,2.31
453,9768,521,2025-07-24,2026-05-15,704.63,7,Discover,12.41
454,5259,275,2024-03-04,2025-07-27,706.0,10,Chase,6.54
455,100,706,2024-02-20,2026-07-09,1233.36,9,Chase,13.13
456,63,91,2025-04-05,2025-06-18,804.43,5,Visa,21.23
457,3554,657,2024-08-23,2026-06-28,933.3,8,Chase,18.16
458,2848,822,2025-12-31,2026-05-12,740.92,7,Chase,7.33
459,5765,156,2024-02-23,2026-10-06,627.77,8,Chase,9.74
460,6527,544,2025-08-31,2025-02-28,1062.11,8,Discover,2.5
461,5154,66,2025-03-07,2026-07-17,588.94,7,Discover,11.68
462,2914,518,2025-12-13,2025-03-15,528.2,1,Visa,9.68
463,2389,455,2024-06-26,2025-11-30,851.75,7,Visa,14.57
464,6455,241,2025-04-15,2025-06-26,1087.41,5,American Express,1.57
465,563,66,2024-11-11,2025-01-12,747.58,10,Visa,12.01
466,5683,122,2024-08-10,2026-03-06,1410.82,9,American Express,7.96
467,6511,670,2024-04-20,2025-02-11,898.67,5,American Express,6.28
468,630,310,2024-06-20,2026-07-25,1295.63,10,American Express,21.84
469,9010,321,2024-01-23,2025-06-01,553.97,10,American Express,21.28
470,119,304,2024-05-12,2026-10-11,553.67,9,Visa,9.03
471,1861,96,2024-08-21,2026-07-17,708.37,10,MasterCard,2.48
472,8056,903,2025-06-06,2026-01-17,704.56,2,Discover,22.08
473,2200,528,2024-12-14,2025-10-18,655.03,1,Chase,7.27
474,7207,696,2024-10-06,2025-05-27,1371.89,4,MasterCard,1.27
475,390,982,2025-02-20,2025-04-13,914.75,6,Chase,15.27
476,3878,72,2024-09-27,2025-11-09,525.3,7,Chase,8.15
477,6668,577,2024-09-07,2025-09-20,768.48,5,Chase,24.91
478,9829,768,2024-08-26,2025-03-05,942.57,5,Chase,21.41
479,2806,395,2024-11-11,2026-08-18,1226.19,6,MasterCard,2.33
480,5184,339,2024-02-02,2026-08-28,998.12,2,American Express,10.78
481,4431,507,2025-12-13,2025-10-20,542.48,5,MasterCard,18.87
482,9019,500,2025-09-11,2025-05-09,1280.23,7,Chase,8.27
483,3860,634,2024-06-05,2025-07-31,1464.82,7,MasterCard,2.28
484,1564,992,2024-07-26,2026-12-09,699.42,2,Visa,1.81
485,9967,167,2024-03-12,2025-08-28,595.67,4,American Express,2.12
486,1805,973,2024-09-16,2025-11-30,1221.31,4,Discover,20.24
487,4711,435,2024-11-25,2025-05-23,1280.89,1,Discover,6.25
488,1099,863,2025-11-13,2025-12-02,1126.68,3,MasterCard,9.21
489,1038,613,2024-12-19,2026-09-16,1092.17,1,American Express,2.43
490,6529,369,2024-01-23,2026-02-12,1335.92,5,MasterCard,14.14
491,5343,787,2024-01-25,2026-05-12,1434.5,2,MasterCard,12.06
492,5981,209,2024-04-11,2026-11-01,1422.94,10,American Express,15.73
493,4849,571,2024-03-04,2026-03-20,689.76,7,Chase,24.01
494,4548,622,2025-08-06,2026-02-22,1216.85,10,Visa,14.89
495,4404,841,2025-06-29,2026-11-22,930.09,8,Chase,15.59
496,6051,800,2024-10-16,2025-09-03,950.28,2,Visa,9.85
497,1342,596,2024-12-29,2026-04-06,1377.53,5,Visa,2.76
498,7373,641,2025-09-18,2026-06-16,709.76,2,Discover,18.66
499,2292,624,2025-11-28,2026-03-24,550.4,8,MasterCard,10.15
500,3778,988,2025-07-03,2026-07-18,1372.1,3,Chase,13.52
501,3658,9,2024-02-27,2025-09-20,1050.11,9,American Express,1.07
502,9463,132,2025-07-07,2025-03-19,1284.18,4,Visa,16.35
503,7962,177,2024-09-28,2025-06-19,951.84,9,Visa,10.48
504,2729,270,2025-01-22,2026-08-30,1163.67,1,Visa,18.26
505,1811,198,2025-01-12,2026-07-20,1251.83,5,MasterCard,5.8
506,5008,328,2025-04-29,2025-03-16,1394.51,10,Discover,6.73
507,4279,270,2025-07-19,2026-06-17,1080.83,4,Visa,20.87
508,1480,831,2025-02-08,2025-01-06,617.31,9,American Express,10.12
509,6051,811,2024-07-05,2026-07-13,1437.63,2,Visa,11.85
510,1686,552,2025-08-19,2026-07-25,1254.19,6,Discover,2.3
511,6308,281,2025-05-23,2026-04-15,1232.48,8,American Express,19.25
512,5748,416,2025-12-08,2025-09-30,1397.4,2,MasterCard,15.56
513,7305,494,2024-08-11,2025-12-04,718.74,10,Visa,10.13
514,9146,469,2024-01-13,2026-01-22,667.03,5,Visa,3.5
515,5646,254,2025-10-15,2025-09-14,861.16,7,Discover,7.64
516,784,332,2025-12-14,2026-08-15,1492.56,10,American Express,17.19
517,8513,581,2025-01-23,2026-03-25,1282.35,9,MasterCard,11.92
518,2807,275,2024-07-04,2026-04-14,1130.27,3,MasterCard,4.47
519,3764,646,2024-12-01,2026-05-07,543.67,9,Discover,20.21
520,5045,271,2025-07-02,2026-03-10,1208.96,4,MasterCard,7.23
521,1519,614,2024-11-07,2026-10-17,1355.0,8,MasterCard,23.36
522,9774,214,2024-09-17,2026-01-28,1053.04,4,Visa,24.71
523,7368,587,2025-10-29,2026-07-24,855.72,3,Discover,14.47
524,930,336,2025-12-23,2025-09-19,926.12,8,American Express,22.02
525,9620,517,2025-09-13,2025-06-01,654.12,5,American Express,14.32
526,2110,384,2024-03-03,2025-08-31,820.44,6,American Express,24.45
527,5919,175,2025-09-29,2025-06-19,580.29,6,American Express,20.33
528,2852,882,2025-10-21,2026-06-03,1430.15,9,American Express,4.24
529,2920,46,2024-06-29,2026-06-22,1186.12,1,MasterCard,22.64
530,955,546,2025-02-10,2025-07-07,670.97,9,Visa,15.19
531,1383,339,2024-08-15,2026-09-10,1103.98,4,Discover,5.75
532,4788,379,2025-08-02,2025-07-21,559.61,6,Visa,18.58
533,3650,505,2024-03-03,2025-06-01,1439.62,8,MasterCard,1.66
534,3389,329,2024-03-05,2026-11-08,1484.56,10,Discover,7.21
535,6498,884,2024-06-06,2025-03-28,1460.15,1,Visa,20.65
536,5090,340,2024-04-18,2025-05-20,1284.95,2,Chase,11.76
537,4973,244,2024-08-03,2026-10-31,1475.24,6,Discover,19.09
538,9854,371,2025-12-31,2026-12-21,519.83,5,American Express,5.32
539,5728,595,2025-12-15,2026-08-09,1386.52,6,American Express,15.32
540,4249,338,2024-04-21,2026-10-28,726.03,4,MasterCard,9.4
541,836,175,2024-07-24,2025-12-16,1465.31,4,Discover,21.53
542,6598,508,2024-09-12,2025-06-23,1129.51,10,Discover,9.81
543,3700,332,2024-12-18,2025-03-16,517.88,7,Chase,17.46
544,5780,987,2024-12-16,2026-05-19,1177.55,3,MasterCard,11.65
545,5126,119,2025-09-09,2025-03-31,1292.32,3,American Express,7.91
546,4698,996,2024-01-27,2026-11-12,1459.8,8,Visa,3.43
547,9167,559,2024-07-21,2026-01-31,957.46,8,Discover,13.57
548,8470,205,2025-01-11,2026-06-19,1218.86,9,MasterCard,10.25
549,3482,925,2025-06-23,2025-09-13,634.74,10,American Express,10.04
550,4884,409,2024-11-25,2025-03-09,1232.23,5,Chase,6.33
551,1524,785,2024-08-08,2026-07-22,749.11,5,Visa,21.76
552,9276,940,2024-11-27,2025-09-23,735.19,7,Chase,18.74
553,3003,17,2025-12-06,2025-12-03,1136.16,5,Chase,20.08
554,8541,604,2024-12-23,2025-09-29,1237.29,10,Discover,12.0
555,7742,684,2025-09-07,2026-08-17,1361.81,2,MasterCard,4.03
556,8885,819,2024-09-25,2025-10-19,1165.28,2,Chase,18.28
557,7577,29,2024-09-23,2026-08-06,873.14,8,Chase,1.66
558,1330,324,2025-09-24,2026-07-25,650.08,9,MasterCard,11.9
559,4226,738,2024-11-26,2025-05-28,883.97,4,Chase,13.94
560,4942,188,2024-09-03,2026-08-29,1218.27,3,Chase,7.05
561,7333,892,2025-10-03,2025-04-24,933.2,3,Discover,22.55
562,1803,788,2024-01-13,2025-07-17,1106.04,8,American Express,16.32
563,3811,134,2025-05-08,2025-04-28,1241.16,4,Visa,3.94
564,2780,429,2025-05-02,2025-05-25,1151.64,6,MasterCard,8.63
565,3780,659,2025-12-31,2025-03-06,1468.32,7,Discover,3.04
566,6341,222,2024-11-25,2026-08-04,1143.61,8,Discover,14.53
567,9206,32,2025-04-09,2025-11-11,559.02,8,MasterCard,18.08
568,417,313,2025-05-24,2026-04-25,1145.23,1,Visa,19.74
569,1360,923,2025-04-10,2025-09-26,669.89,8,Discover,4.11
570,7264,583,2024-03-05,2025-02-13,1248.06,6,Discover,20.37
571,2754,36,2025-11-23,2025-12-22,1063.77,1,American Express,18.03
572,6997,535,2024-01-20,2026-12-06,1388.89,1,American Express,12.02
573,3146,127,2025-03-24,2025-01-30,1455.88,9,Chase,6.38
574,1683,979,2024-02-20,2025-02-06,738.0,5,Chase,9.48
575,2323,967,2024-02-18,2026-12-18,582.82,9,MasterCard,8.82
576,8221,696,2025-12-15,2026-11-14,706.35,7,Visa,15.58
577,4201,494,2025-04-22,2025-02-20,651.92,2,Chase,17.58
578,375,814,2025-03-27,2025-01-06,687.06,2,Discover,17.24
579,8402,579,2024-05-26,2025-10-22,1128.16,5,American Express,13.55
580,6922,559,2024-12-01,2026-12-08,920.82,1,Chase,14.29
581,482,892,2025-10-03,2025-06-22,543.02,10,Discover,5.24
582,8225,995,2024-08-05,2026-05-18,1463.79,10,Visa,4.35
583,1837,88,2024-10-06,2026-05-31,709.03,10,American Express,20.59
584,9842,586,2025-01-09,2026-12-11,1486.73,8,Discover,5.83
585,9146,905,2025-04-16,2026-05-28,954.26,6,Discover,24.41
586,330,834,2025-10-27,2025-03-20,873.94,1,Chase,1.13
587,7260,264,2025-08-16,2026-05-19,648.73,6,MasterCard,3.71
588,7143,187,2025-04-04,2026-11-13,682.92,10,American Express,8.32
589,3775,455,2025-04-21,2026-04-24,1444.63,3,Discover,19.54
590,1233,565,2024-06-16,2026-01-19,577.36,5,Chase,6.58
591,9382,102,2024-10-09,2026-06-24,1029.36,9,Visa,10.2
592,4485,759,2025-02-26,2025-12-26,1455.23,6,Chase,15.39
593,5080,696,2025-09-25,2026-12-15,1432.06,9,American Express,21.7
594,7827,611,2025-11-12,2025-09-20,792.4,8,Discover,19.99
595,4853,982,2024-07-02,2026-05-22,1042.52,4,American Express,12.65
596,6668,217,2025-06-10,2025-01-13,953.95,10,Chase,22.87
597,2518,227,2025-12-20,2025-09-18,705.0,1,MasterCard,17.74
598,8507,499,2025-09-30,2026-08-10,558.44,2,Visa,20.76
599,238,55,2024-09-20,2026-10-08,1396.69,10,Chase,6.84
600,4592,561,2025-12-19,2026-11-22,1086.47,5,MasterCard,9.7
601,3928,277,2024-02-14,2025-10-20,1124.79,4,MasterCard,5.5
602,4038,990,2024-11-17,2025-01-29,597.27,8,Discover,3.37
603,1961,568,2025-07-21,2026-10-18,665.2,1,Visa,13.84
604,2716,747,2025-01-30,2025-09-11,637.97,7,MasterCard,10.04
605,8500,117,2024-11-11,2026-02-21,512.91,2,American Express,8.33
606,2123,693,2025-05-04,2025-01-30,1445.74,3,American Express,13.41
607,3092,872,2025-04-02,2025-04-15,1157.68,5,Chase,22.42
608,4593,82,2025-09-21,2026-12-21,539.37,3,Discover,13.83
609,9718,6,2025-10-18,2026-09-11,1102.47,1,American Express,18.6
610,7827,972,2024-05-11,2026-02-26,1053.59,6,American Express,14.5
611,3887,788,2025-12-07,2025-11-06,1431.22,9,Chase,19.05
612,9049,402,2025-12-31,2025-03-15,892.22,10,Chase,2.44
613,6661,787,2025-06-20,2026-05-29,944.84,6,Chase,15.54
614,7459,563,2025-03-25,2025-05-13,585.17,8,American Express,16.9
615,793,599,2024-02-10,2025-11-21,780.46,8,Chase,12.86
616,8134,766,2024-08-24,2025-05-08,1395.72,3,Chase,19.79
617,128,392,2024-12-23,2026-06-10,1142.29,2,American Express,12.63
618,1027,589,2024-11-19,2025-04-03,1498.0,5,Discover,20.3
619,5276,242,2024-04-25,2025-07-09,1223.29,1,American Express,8.51
620,2872,95,2025-03-27,2026-10-15,696.14,5,Visa,17.71
621,7352,519,2024-09-11,2026-10-26,1121.43,5,MasterCard,11.47
622,5497,558,2024-09-20,2026-01-31,841.36,10,Visa,16.98
623,471,66,2025-01-04,2026-09-18,1406.25,9,MasterCard,16.6
624,3173,984,2025-07-19,2025-07-09,1167.55,4,Visa,15.69
625,4255,956,2025-05-12,2026-10-17,1328.71,3,Visa,7.37
626,1348,741,2024-12-11,2025-05-27,505.64,9,Visa,1.41
627,5540,941,2024-11-02,2026-04-02,882.56,7,Discover,6.84
628,5158,587,2024-03-18,2026-06-11,1313.99,6,MasterCard,11.17
629,1811,456,2025-05-12,2025-06-23,1352.67,8,Chase,7.88
630,1149,28,2024-07-07,2026-05-30,905.91,6,Visa,17.45
631,3877,33,2025-09-13,2025-07-22,1443.65,10,MasterCard,1.18
632,6173,447,2025-05-07,2026-04-06,1178.87,9,Visa,20.91
633,507,448,2025-02-20,2026-05-14,1080.74,6,American Express,5.18
634,7446,55,2025-12-23,2025-10-26,840.74,5,Visa,4.82
635,6207,560,2025-02-16,2025-01-10,579.92,8,MasterCard,1.73
636,57,714,2025-02-28,2026-10-20,992.15,6,MasterCard,4.57
637,7754,205,2024-04-23,2026-11-26,925.83,6,Visa,23.92
638,1004,603,2025-07-12,2025-07-27,662.35,6,Chase,10.7
639,6916,33,2025-11-01,2025-06-21,1385.28,7,American Express,17.72
640,88,11,2024-04-08,2025-09-23,780.78,1,MasterCard,15.19
641,2461,313,2024-07-09,2026-03-25,1065.49,5,Discover,23.88
642,6957,515,2025-04-16,2025-02-18,1285.39,1,Visa,14.05
643,2645,525,2025-06-19,2026-09-06,1426.08,6,Chase,16.75
644,2185,679,2025-07-08,2026-03-29,1368.27,10,American Express,9.87
645,7470,504,2024-10-18,2025-05-07,571.4,3,American Express,16.12
646,1376,784,2024-09-25,2026-02-15,1254.51,2,Chase,10.32
647,5895,601,2025-01-27,2025-04-10,580.87,10,Visa,21.1
648,8188,751,2024-12-09,2026-02-24,531.53,10,MasterCard,17.66
649,5056,999,2025-05-16,2025-02-08,949.58,10,American Express,5.79
650,4965,608,2024-02-13,2026-08-11,511.23,3,Visa,9.15
651,4806,262,2025-12-16,2025-02-01,1108.74,3,Visa,13.52
652,631,94,2025-11-01,2026-12-08,1041.96,3,American Express,11.47
653,4511,476,2025-03-11,2026-11-12,1060.95,6,Chase,13.68
654,4594,729,2024-07-24,2026-05-27,1201.05,6,MasterCard,17.03
655,4965,58,2025-09-13,2025-03-13,1478.64,8,Discover,18.72
656,2323,179,2025-02-27,2025-01-08,1436.55,5,Discover,16.38
657,8791,949,2024-08-01,2026-10-18,586.25,6,American Express,22.49
658,5927,921,2024-12-19,2026-10-24,1453.55,9,Visa,23.27
659,5626,414,2024-02-23,2025-08-04,1329.22,6,Chase,11.47
660,7027,498,2024-02-23,2026-07-14,583.93,3,Visa,17.12
661,9260,468,2024-04-25,2025-01-25,575.01,9,MasterCard,18.34
662,8967,651,2024-09-04,2026-01-07,1498.99,9,American Express,6.46
663,9825,413,2025-01-24,2026-08-09,663.56,9,MasterCard,5.57
664,419,876,2025-03-02,2025-07-14,517.23,8,American Express,4.35
665,7886,143,2024-05-28,2026-01-17,1058.63,5,Chase,5.02
666,6899,364,2025-11-13,2025-12-29,630.22,10,Visa,10.63
667,8312,586,2025-05-30,2025-11-08,1221.99,10,Chase,2.77
668,2972,804,2024-11-22,2025-11-04,943.03,6,Chase,6.23
669,8624,129,2024-03-07,2026-07-22,1445.48,5,MasterCard,5.83
670,217,294,2024-11-23,2026-11-22,1111.79,2,Chase,2.55
671,2442,405,2024-11-05,2025-09-29,710.87,6,Discover,10.83
672,2673,970,2024-12-01,2025-11-03,1206.79,3,Chase,7.13
673,7362,243,2024-12-11,2026-06-19,1328.55,9,Visa,5.07
674,4192,425,2025-08-27,2026-04-24,810.04,5,Discover,18.9
675,3185,279,2025-06-17,2026-06-27,742.63,1,Discover,23.78
676,6732,815,2024-05-18,2026-03-13,1416.15,4,MasterCard,21.22
677,1293,957,2025-07-14,2025-05-19,1400.24,8,Chase,2.92
678,2720,123,2024-04-19,2026-09-17,1491.91,10,Discover,2.95
679,6067,271,2025-01-09,2025-08-09,902.08,8,Discover,13.03
680,4536,796,2025-08-17,2025-03-10,1104.99,4,Discover,15.0
681,8507,96,2025-11-15,2026-09-11,1094.36,6,American Express,15.95
682,527,327,2025-03-10,2026-09-09,965.05,2,Chase,19.03
683,4833,362,2025-02-17,2025-06-14,823.23,8,Chase,13.58
684,6106,502,2024-12-29,2026-01-11,542.68,4,Visa,2.85
685,3450,236,2025-11-25,2025-10-29,618.56,4,Discover,23.71
686,8736,473,2024-08-18,2025-12-02,861.56,1,MasterCard,4.12
687,3244,865,2025-01-25,2026-10-03,1137.84,9,Discover,22.28
688,8193,880,2025-04-09,2026-04-22,1425.87,10,Visa,19.89
689,6139,205,2024-01-24,2025-02-22,1430.26,8,American Express,5.87
690,6552,782,2025-12-03,2025-12-16,1370.08,5,Chase,14.21
691,4227,24,2025-03-23,2025-06-04,1495.07,7,Visa,7.72
692,9506,677,2024-09-19,2025-08-15,1056.19,9,MasterCard,14.02
693,7584,557,2024-03-21,2025-03-07,959.49,10,Visa,6.19
694,7567,454,2025-04-12,2026-11-11,582.61,5,Discover,22.04
695,5376,458,2024-04-12,2026-12-13,1121.44,8,MasterCard,17.28
696,2514,249,2025-09-27,2025-11-26,1490.17,6,American Express,1.28
697,6722,119,2024-04-19,2025-06-13,818.84,2,Chase,6.53
698,4620,594,2025-12-05,2025-11-21,712.37,3,Visa,14.59
699,9594,921,2025-08-03,2026-04-19,1364.25,4,MasterCard,5.13
700,9581,852,2025-12-04,2026-02-20,795.35,6,American Express,17.49
701,3015,649,2025-03-11,2025-02-15,960.14,3,Chase,10.21
702,8873,330,2024-09-22,2025-09-28,745.1,3,Chase,23.68
703,5329,568,2025-12-21,2025-04-24,1203.12,8,Discover,19.5
704,4223,686,2025-12-18,2026-01-08,1440.83,1,MasterCard,2.3
705,9083,79,2025-05-10,2025-08-03,1257.4,1,Visa,21.18
706,2632,472,2024-11-19,2025-07-15,1445.25,4,Discover,24.26
707,7083,304,2025-06-21,2026-04-04,766.41,1,American Express,16.55
708,3030,811,2024-05-01,2026-05-26,1035.75,6,American Express,17.88
709,4954,723,2024-01-02,2026-03-10,587.3,4,Chase,22.29
710,3687,896,2025-12-08,2026-03-23,1147.97,5,Visa,10.39
711,8327,335,2024-05-31,2025-06-17,912.64,4,American Express,23.23
712,1964,765,2025-04-05,2025-11-22,1193.48,8,Visa,18.46
713,6690,261,2025-09-26,2026-03-01,1445.75,5,Chase,23.01
714,8201,797,2025-04-02,2026-09-12,641.19,10,Visa,10.27
715,2892,893,2025-04-16,2025-01-22,972.04,7,American Express,19.74
716,3397,967,2024-09-13,2026-02-09,993.16,6,MasterCard,11.64
717,2746,879,2024-06-08,2025-08-18,944.81,2,Discover,13.47
718,7788,375,2025-04-03,2026-09-10,716.08,1,Visa,17.76
719,1709,34,2024-12-06,2026-07-17,1156.24,2,MasterCard,10.29
720,5050,707,2025-08-07,2025-03-14,1092.67,1,Chase,18.95
721,4986,692,2024-01-21,2026-10-23,1248.04,2,American Express,5.19
722,9253,586,2025-08-05,2026-11-28,500.41,1,American Express,8.27
723,2987,251,2024-04-08,2026-10-08,900.6,1,Discover,24.75
724,2840,145,2025-11-12,2026-06-19,1492.35,7,Chase,11.13
725,6258,790,2024-10-16,2025-09-22,983.63,3,Visa,19.73
726,8116,885,2025-11-21,2025-07-11,883.49,3,American Express,3.31
727,6489,367,2025-12-04,2025-08-17,1068.39,3,Visa,13.64
728,9947,130,2024-02-16,2026-08-30,1376.43,5,MasterCard,8.84
729,3041,127,2024-04-02,2025-05-23,980.37,8,MasterCard,22.86
730,4331,378,2025-09-27,2025-02-16,1277.0,7,MasterCard,6.55
731,6526,449,2025-01-03,2026-10-11,963.81,3,Chase,10.8
732,1149,549,2025-11-19,2026-07-19,1007.06,3,Visa,1.73
733,2793,449,2025-08-18,2025-12-07,1303.8,3,MasterCard,10.16
734,3083,822,2024-04-18,2025-03-22,1278.59,3,Discover,8.99
735,9984,269,2024-06-21,2026-02-04,634.17,2,Visa,20.65
736,7174,807,2025-08-22,2026-09-09,1277.12,3,American Express,4.83
737,9141,88,2024-11-23,2025-01-10,812.0,1,Visa,11.55
738,4927,711,2025-12-11,2026-08-31,893.64,3,Visa,22.65
739,8684,665,2024-08-06,2026-07-13,1068.18,3,American Express,6.88
740,1595,666,2025-12-04,2026-05-02,984.61,9,MasterCard,6.77
741,9228,342,2024-02-05,2026-05-28,1273.22,8,American Express,13.77
742,3637,447,2024-03-25,2026-01-22,566.31,1,Discover,3.46
743,6679,278,2025-04-18,2025-08-28,1326.8,5,MasterCard,23.78
744,3432,437,2025-02-03,2025-06-21,1387.56,8,Chase,3.69
745,4155,909,2024-04-08,2026-09-04,770.47,9,MasterCard,22.12
746,8019,897,2024-06-05,2025-12-10,1188.48,10,Chase,12.6
747,6018,145,2024-04-29,2025-02-14,867.96,1,Discover,24.57
748,8549,197,2024-07-23,2026-09-16,1454.63,10,Visa,2.77
749,687,182,2024-04-23,2026-08-05,935.49,1,Chase,13.03
750,7035,460,2025-09-16,2025-08-08,682.89,7,Chase,9.31
751,6848,518,2025-07-29,2026-11-19,751.52,10,American Express,4.74
752,5259,931,2025-04-24,2026-05-24,1090.84,8,Discover,19.31
753,5064,761,2024-02-13,2026-07-15,1499.94,10,Discover,10.93
754,9143,608,2025-03-12,2026-01-16,800.24,1,Chase,23.93
755,3900,733,2024-09-05,2026-05-15,1110.15,5,Visa,16.77
756,918,808,2025-09-18,2026-02-05,1098.71,5,Discover,7.64
757,477,236,2025-05-20,2026-05-27,857.85,2,Discover,19.5
758,9177,180,2025-10-15,2026-01-30,767.26,3,MasterCard,11.17
759,3824,319,2024-01-12,2025-02-07,1032.56,2,American Express,4.57
760,7800,659,2024-04-10,2026-09-21,655.47,5,Visa,12.97
761,7288,574,2024-12-04,2025-03-11,1220.84,2,MasterCard,10.15
762,4347,58,2025-09-04,2025-12-07,833.0,10,Visa,2.02
763,1698,128,2025-04-07,2026-11-05,1155.67,4,Chase,5.18
764,9329,487,2025-07-16,2025-03-20,1266.34,8,Chase,20.96
765,3042,508,2025-03-04,2025-07-02,1130.23,8,American Express,5.08
766,6265,918,2025-10-21,2025-03-07,954.32,3,MasterCard,6.78
767,8473,846,2024-01-10,2026-02-03,1077.19,10,American Express,8.71
768,8161,38,2024-08-29,2026-01-26,1232.8,1,MasterCard,9.51
769,8403,325,2024-06-15,2026-05-09,1407.49,9,American Express,3.24
770,172,12,2025-11-15,2025-09-04,609.36,8,Discover,14.35
771,7815,995,2024-09-26,2025-02-08,1286.91,7,Discover,19.41
772,8296,7,2024-09-13,2026-07-09,938.39,7,MasterCard,10.16
773,6350,884,2024-06-08,2026-04-21,962.96,1,Discover,14.45
774,6137,366,2025-07-09,2026-04-21,860.83,3,Chase,17.15
775,6572,57,2024-12-05,2026-10-21,1469.67,9,American Express,14.9
776,3795,325,2025-02-07,2025-01-31,1236.22,6,Visa,13.31
777,5506,622,2025-06-14,2026-12-14,1222.0,6,American Express,13.81
778,2071,957,2024-09-11,2025-06-09,725.77,1,Chase,24.02
779,8218,207,2024-10-04,2025-07-06,1237.23,8,Chase,5.97
780,981,818,2024-09-26,2025-11-24,811.65,8,Visa,15.85
781,3410,260,2024-10-15,2025-07-11,1027.89,7,Visa,6.46
782,2245,702,2024-01-04,2025-01-30,671.58,8,Discover,3.45
783,383,781,2025-10-01,2026-08-01,1153.5,4,Chase,16.04
784,1646,281,2025-10-02,2026-10-22,704.2,4,American Express,24.96
785,9379,114,2024-10-15,2026-06-30,721.05,4,MasterCard,24.85
786,5424,237,2025-11-01,2026-02-07,927.07,1,Chase,23.45
787,1933,488,2024-06-14,2025-06-14,701.73,4,American Express,20.52
788,2822,77,2025-11-01,2025-04-26,1362.43,1,American Express,11.66
789,4908,506,2024-05-09,2026-08-04,545.97,3,American Express,1.05
790,847,888,2025-08-24,2026-05-26,847.18,6,Chase,11.77
791,7137,572,2025-07-25,2026-11-09,718.38,5,Chase,9.28
792,1052,124,2025-02-18,2025-12-14,1265.72,8,Discover,21.29
793,2502,261,2025-06-15,2025-09-29,733.85,10,Visa,15.15
794,7631,697,2025-06-08,2026-03-05,1294.96,5,Discover,9.74
795,1151,1,2025-10-02,2025-05-21,948.07,4,Discover,4.62
796,8114,890,2025-05-16,2025-06-25,763.57,3,MasterCard,16.62
797,7571,659,2025-07-02,2026-05-24,1350.75,5,Visa,7.8
798,3106,913,2024-07-17,2026-09-19,1143.47,9,Discover,10.8
799,3586,462,2025-09-04,2026-10-31,675.8,6,Chase,11.86
800,7329,225,2024-05-26,2025-09-29,1470.61,8,MasterCard,13.81
801,4981,860,2024-03-03,2025-06-19,515.14,8,Chase,24.95
802,3464,629,2025-06-15,2025-07-04,1368.45,4,American Express,10.83
803,3190,719,2025-09-29,2026-06-09,911.49,4,MasterCard,21.69
804,3974,865,2024-05-04,2026-08-25,608.57,6,Chase,20.14
805,5309,377,2025-01-08,2026-02-04,806.84,7,MasterCard,1.89
806,9939,118,2025-01-26,2025-05-31,1048.96,7,Discover,24.77
807,8837,939,2025-01-11,2026-04-05,524.83,1,MasterCard,8.94
808,3113,432,2025-06-12,2025-06-09,900.63,4,Visa,4.52
809,3608,790,2025-04-25,2026-05-22,769.96,8,Discover,2.22
810,381,577,2025-10-22,2026-05-01,529.65,1,Visa,15.01
811,88,28,2025-03-28,2025-05-06,1091.57,10,Discover,1.02
812,649,926,2024-11-26,2026-07-11,691.77,7,MasterCard,9.48
813,8494,762,2024-01-25,2025-01-16,563.68,9,MasterCard,9.71
814,2816,684,2025-07-08,2026-11-22,1252.64,2,American Express,11.21
815,4093,191,2024-02-22,2026-02-27,752.62,2,American Express,9.28
816,3713,861,2025-06-20,2026-09-07,512.3,5,American Express,10.62
817,6794,997,2024-03-31,2025-08-11,901.56,8,Visa,22.54
818,4081,71,2025-10-10,2025-12-25,1072.22,10,Visa,10.07
819,7450,222,2024-06-12,2025-09-22,793.64,3,Chase,9.53
820,4997,410,2025-09-18,2026-08-25,507.46,2,Discover,1.45
821,9903,440,2024-12-18,2025-10-26,1233.89,3,Visa,2.2
822,5904,286,2024-02-26,2025-08-16,927.29,7,Visa,9.65
823,5180,96,2024-07-18,2025-03-25,1333.16,5,American Express,10.44
824,4741,777,2024-08-26,2025-02-14,547.09,10,Visa,24.53
825,1905,676,2025-05-29,2025-07-05,1007.14,3,Discover,7.4
826,5721,800,2024-10-17,2026-09-15,1331.59,4,MasterCard,12.69
827,4090,328,2025-02-15,2026-11-13,951.67,5,MasterCard,19.07
828,6254,463,2024-02-28,2025-12-24,1160.82,6,Visa,3.65
829,9190,667,2025-03-31,2025-09-04,1317.66,5,Chase,18.33
830,870,587,2025-07-19,2025-09-23,1369.95,6,MasterCard,3.23
831,1668,325,2024-11-05,2026-11-21,949.52,3,American Express,15.95
832,9602,346,2024-12-23,2025-11-02,1483.17,8,MasterCard,21.83
833,3960,191,2025-03-14,2026-10-13,901.17,8,Visa,23.61
834,1992,209,2024-04-19,2026-09-08,645.68,7,Chase,3.33
835,1975,211,2024-06-07,2026-06-01,552.66,8,American Express,24.22
836,7561,812,2024-01-12,2026-04-11,1140.03,9,American Express,23.3
837,4905,627,2025-01-25,2025-07-22,1184.01,9,Visa,20.21
838,7976,273,2024-09-06,2026-10-07,844.7,8,American Express,13.55
839,665,429,2024-05-24,2025-07-28,996.07,4,Discover,12.51
840,6807,139,2024-07-09,2025-01-12,537.42,2,MasterCard,6.7
841,6707,933,2024-03-10,2026-08-09,836.47,3,Chase,19.51
842,6805,263,2025-03-20,2025-09-06,1359.31,4,Chase,7.05
843,8048,550,2024-07-14,2026-11-24,830.49,10,Discover,4.43
844,5306,999,2025-09-18,2025-03-03,1374.92,4,American Express,22.47
845,2843,123,2025-04-15,2026-03-21,1096.82,5,Visa,8.32
846,9564,756,2025-02-14,2025-09-01,609.93,9,Visa,1.93
847,4473,406,2024-04-17,2025-05-22,1484.03,5,Discover,9.86
848,5256,534,2025-01-06,2026-02-21,1439.97,8,Visa,21.76
849,4042,846,2024-07-27,2025-05-18,1466.72,7,Discover,8.74
850,1500,832,2024-10-16,2025-05-07,1349.32,1,MasterCard,15.46
851,1071,547,2024-06-02,2026-05-28,1278.12,7,Chase,6.58
852,1884,754,2025-03-06,2025-07-10,1222.73,5,Visa,10.03
853,7284,528,2024-08-22,2026-11-02,674.7,10,Chase,23.1
854,7005,402,2025-12-05,2026-03-11,1361.39,10,Visa,8.91
855,4686,809,2025-10-14,2025-08-05,508.34,1,Visa,22.34
856,3604,348,2024-02-25,2025-12-22,579.42,2,MasterCard,10.0
857,7308,455,2024-10-05,2026-11-13,990.3,2,Visa,14.28
858,2650,177,2024-07-06,2025-02-22,1025.7,10,Visa,19.2
859,2424,604,2025-09-13,2026-10-04,1147.98,10,Visa,8.0
860,7277,446,2024-08-07,2025-07-11,884.22,3,Visa,11.91
861,6750,108,2025-03-21,2025-12-13,534.02,7,Visa,10.46
862,5606,806,2025-08-30,2026-10-01,683.05,8,American Express,14.92
863,3681,730,2024-06-05,2025-02-28,637.83,3,MasterCard,10.63
864,5778,289,2025-06-15,2025-01-29,1468.89,9,Visa,2.64
865,1178,850,2024-10-28,2025-12-08,1438.13,2,MasterCard,21.73
866,5584,350,2025-07-03,2025-10-17,937.17,7,Visa,13.71
867,3761,700,2025-08-13,2026-04-27,647.68,9,American Express,12.2
868,8956,706,2024-08-24,2026-07-31,1189.8,9,Discover,16.8
869,9872,998,2024-02-15,2025-01-20,1185.99,3,Visa,18.26
870,7674,866,2024-11-06,2026-01-31,1216.36,8,Discover,23.53
871,1084,695,2025-04-26,2026-10-02,1139.52,4,Visa,9.38
872,9047,606,2024-01-31,2026-04-30,1363.38,5,Discover,7.23
873,1685,297,2024-04-22,2026-12-21,765.26,7,Visa,1.5
874,5710,68,2025-12-30,2025-05-18,1152.84,6,MasterCard,20.82
875,2545,750,2025-11-17,2025-08-16,1193.55,5,Chase,1.12
876,6228,692,2025-11-27,2026-10-14,1453.98,10,Discover,10.25
877,4247,587,2024-06-06,2025-12-04,733.98,1,Visa,13.5
878,1478,347,2025-04-14,2026-04-08,1283.91,5,Visa,16.4
879,2578,540,2024-12-02,2025-05-23,638.87,3,Discover,9.81
880,3999,450,2025-11-01,2026-03-20,1087.19,8,Visa,22.4
881,7044,146,2024-12-11,2026-04-03,814.97,6,Visa,17.0
882,3729,763,2024-10-03,2026-01-05,586.46,4,American Express,9.77
883,5670,612,2025-12-17,2026-02-19,782.32,9,Chase,22.68
884,7345,324,2024-02-24,2025-07-01,1046.94,5,Discover,17.06
885,8658,228,2024-01-14,2025-01-26,1079.81,7,MasterCard,7.67
886,7615,549,2024-08-05,2026-05-05,722.59,7,MasterCard,3.24
887,6436,570,2024-09-07,2026-04-30,805.19,2,American Express,7.54
888,8739,851,2025-05-03,2025-07-22,655.62,7,Chase,8.49
889,3977,181,2025-03-04,2025-12-17,1492.76,7,Chase,8.16
890,5030,945,2024-07-25,2025-07-14,925.73,9,MasterCard,9.93
891,7721,689,2024-10-02,2026-02-10,1473.23,9,American Express,23.62
892,8683,48,2024-08-01,2026-04-06,1221.19,4,Visa,16.98
893,315,810,2024-02-25,2026-06-13,995.42,9,Discover,16.73
894,2692,191,2025-06-10,2025-01-18,1386.08,4,Visa,8.69
895,3739,539,2024-04-04,2025-10-14,1440.62,4,Visa,5.78
896,3760,409,2024-06-17,2025-04-20,1275.11,10,Discover,6.36
897,8702,326,2025-07-08,2026-12-14,692.61,10,Visa,4.74
898,1234,424,2024-06-08,2025-01-20,599.58,1,MasterCard,14.1
899,2118,456,2025-11-11,2026-11-15,544.74,3,Discover,17.06
900,5721,361,2024-06-21,2025-12-26,1194.5,10,American Express,3.41
901,185,842,2025-07-26,2026-01-14,594.69,9,Chase,17.68
902,9285,85,2024-04-19,2025-04-21,1429.72,8,Chase,22.13
903,5513,289,2025-07-30,2026-11-24,529.61,6,MasterCard,11.52
904,641,884,2025-10-12,2025-03-02,674.61,8,Visa,16.98
905,2209,882,2025-06-30,2025-09-24,530.78,7,Chase,11.92
906,55,753,2024-03-03,2026-04-29,500.15,6,Visa,24.31
907,9395,131,2024-05-20,2025-02-28,935.51,8,Chase,7.13
908,1861,715,2025-12-30,2026-05-18,587.85,1,Discover,18.9
909,5310,423,2025-11-19,2025-01-07,921.28,8,Discover,6.14
910,5433,112,2024-08-24,2025-05-14,1014.06,3,Discover,4.85
911,5002,745,2024-09-28,2026-02-07,511.65,7,Chase,13.28
912,9697,17,2024-03-15,2025-12-17,1260.29,9,Chase,1.09
913,2870,483,2024-02-04,2025-10-28,983.05,8,Discover,23.04
914,6764,528,2024-01-05,2025-08-31,1281.57,2,American Express,13.13
915,1914,689,2025-07-19,2026-04-25,1155.64,10,American Express,11.46
916,9437,641,2025-01-10,2025-05-29,1087.79,8,MasterCard,6.96
917,4396,382,2025-03-07,2025-06-17,1143.8,6,MasterCard,22.49
918,5290,420,2025-08-29,2026-12-28,717.6,2,Chase,10.19
919,1463,822,2024-08-01,2025-01-06,552.32,6,MasterCard,21.52
920,694,622,2025-09-21,2026-10-13,1047.87,4,Visa,4.08
921,9155,218,2024-11-19,2025-05-02,1446.83,9,American Express,21.86
922,6085,121,2025-11-05,2026-08-20,792.64,9,Chase,2.77
923,4464,378,2024-04-20,2025-12-20,646.75,10,Discover,14.3
924,6958,968,2025-07-11,2026-09-27,684.71,8,MasterCard,9.12
925,3349,927,2024-05-22,2025-01-03,666.66,4,Chase,14.64
926,2330,395,2024-12-09,2025-05-19,1003.77,5,Discover,24.4
927,700,694,2025-09-03,2026-11-20,1204.91,1,Chase,18.41
928,3502,903,2024-01-13,2025-03-23,850.6,8,Visa,2.99
929,9862,392,2024-10-20,2025-01-16,1286.09,9,Visa,1.4
930,6969,803,2025-03-26,2025-01-01,581.98,5,Chase,4.99
931,8896,634,2025-05-17,2025-08-29,1461.0,4,American Express,6.59
932,7973,730,2025-04-21,2025-01-31,1034.91,1,MasterCard,17.88
933,1656,67,2025-08-20,2026-08-18,530.99,5,Discover,2.2
934,9924,197,2024-07-21,2026-08-04,1411.69,8,MasterCard,4.79
935,3849,202,2024-10-27,2026-09-24,769.76,1,MasterCard,9.26
936,4672,313,2024-09-30,2025-01-02,1337.63,7,Discover,14.18
937,4578,720,2025-03-06,2025-07-14,1080.98,5,Discover,16.64
938,8876,262,2025-10-09,2026-05-24,800.69,8,American Express,15.76
939,9343,139,2024-11-03,2026-12-29,1250.02,8,American Express,6.09
940,3012,676,2025-02-03,2025-02-22,1141.62,6,Chase,13.1
941,3041,742,2024-11-27,2025-07-18,1234.6,10,Discover,16.08
942,2965,394,2024-08-19,2025-02-18,763.53,10,MasterCard,11.45
943,9569,347,2024-10-23,2025-05-18,1119.23,9,Discover,14.93
944,1054,243,2024-05-01,2026-06-22,951.57,6,Visa,6.97
945,9850,957,2025-05-25,2026-04-08,1496.78,2,American Express,21.03
946,8029,226,2025-03-15,2026-10-14,1428.2,10,Chase,21.52
947,2403,239,2024-02-24,2026-01-28,724.29,6,Visa,20.56
948,3112,573,2024-08-03,2025-01-06,1299.42,3,MasterCard,19.36
949,2182,23,2025-08-27,2026-07-31,1065.82,2,Chase,6.21
950,9751,220,2024-12-05,2025-12-02,1185.53,5,MasterCard,5.47
951,9679,763,2025-10-03,2025-01-21,1002.07,3,American Express,7.82
952,6537,529,2025-12-10,2025-07-14,1047.93,1,MasterCard,3.1
953,5792,973,2024-03-12,2026-06-12,1334.66,1,American Express,21.12
954,809,585,2024-05-08,2026-05-12,758.23,4,Visa,5.14
955,4456,527,2025-06-18,2026-02-24,1273.75,2,MasterCard,16.49
956,1399,444,2024-06-21,2025-11-06,1042.77,5,Discover,10.87
957,4962,632,2025-12-30,2025-04-09,1337.65,5,Discover,6.84
958,105,333,2024-09-29,2026-02-05,630.72,7,Discover,21.71
959,5803,769,2024-02-02,2025-01-11,858.07,7,MasterCard,20.56
960,3670,466,2024-08-05,2026-11-28,661.32,3,Visa,22.14
961,9997,364,2025-03-24,2025-02-01,1419.9,10,Visa,12.76
962,8133,896,2025-11-24,2025-01-23,934.85,7,Visa,14.29
963,9353,395,2024-07-20,2026-06-27,1137.11,1,MasterCard,8.78
964,3586,733,2024-03-12,2025-08-09,635.96,1,Visa,8.79
965,6021,971,2025-12-26,2025-04-08,1085.88,5,MasterCard,6.75
966,9112,784,2024-03-28,2025-04-20,841.24,10,MasterCard,21.54
967,9489,268,2024-02-14,2025-09-02,1206.99,6,Chase,17.38
968,7813,898,2025-02-02,2026-02-26,1438.67,1,Discover,8.88
969,2008,472,2025-05-31,2026-01-28,836.84,5,MasterCard,7.6
970,4357,849,2024-06-09,2026-10-28,1223.36,5,Chase,5.27
971,957,296,2024-02-03,2025-07-14,1236.01,6,Visa,8.54
972,8544,483,2024-02-16,2026-07-19,1007.75,9,Visa,5.45
973,2857,689,2024-10-13,2026-09-16,1439.96,1,Chase,16.78
974,832,584,2024-03-23,2025-12-07,596.93,9,Chase,16.04
975,3063,717,2024-05-07,2026-07-19,1163.96,9,Visa,1.73
976,7658,64,2025-01-12,2025-07-09,712.11,6,Visa,17.46
977,6674,345,2025-05-18,2025-11-27,743.61,7,American Express,19.2
978,948,986,2024-05-19,2025-10-27,1181.61,7,American Express,2.53
979,9877,518,2025-02-04,2025-04-21,1043.1,3,Visa,11.5
980,9957,803,2024-07-23,2025-04-04,623.6,8,Discover,7.48
981,4505,462,2024-08-30,2025-09-22,1338.99,6,Discover,18.82
982,2572,399,2024-04-11,2025-02-27,593.4,9,Discover,19.76
983,8851,400,2025-01-13,2026-04-28,1077.98,5,Discover,19.74
984,57,98,2024-09-24,2025-08-21,1371.22,5,Visa,5.93
985,9518,842,2024-01-29,2025-01-29,1331.27,6,Discover,18.64
986,779,869,2024-02-07,2026-12-20,1063.21,4,Discover,11.24
987,1808,47,2025-05-09,2025-06-06,1298.94,2,Visa,1.81
988,3309,693,2025-12-10,2025-07-06,699.44,5,Discover,5.94
989,5444,105,2025-01-19,2025-02-25,1216.31,5,Chase,16.84
990,2485,675,2025-02-09,2025-03-19,1047.7,2,Visa,18.41
991,9981,403,2024-01-22,2026-01-17,921.99,6,Visa,23.86
992,5477,675,2024-06-24,2026-03-30,918.58,9,MasterCard,10.89
993,4767,536,2025-02-11,2025-09-15,869.84,7,MasterCard,16.36
994,7892,35,2024-10-16,2026-01-02,597.83,4,Discover,22.52
995,785,59,2025-08-19,2026-05-26,1386.14,10,MasterCard,9.98
996,4894,753,2025-07-15,2025-01-05,954.64,9,Chase,8.82
997,1258,810,2025-07-19,2026-07-12,832.73,10,MasterCard,6.73
998,5970,3,2024-09-13,2025-11-08,1188.22,8,Discover,16.23
999,3458,779,2025-06-17,2026-07-28,1207.36,8,Discover,21.25
1000,541,50,2024-03-09,2025-07-14,1237.24,4,Chase,7.84
